acc_mean,recall_mean,fpr_mean,acc_opt,recall_opt,fpr_opt,acc_wst,recall_wst,fpr_wst
0.6498200000000001,0.7417199999999999,0.44208000000000003,0.8401,0.7616,0.0814,0.4291,0.7884,0.9302
