acc_mean,acc_std,acc_wst,acc_opt,recall_mean,recall_std,recall_wst,recall_opt,fpr_mean,fpr_std,fpr_wst,fpr_opt,sorted_models,sorted_acc
0.9797498797498799,0.012103393696727058,0.955050505050505,0.9992424242424243,0.9999398749398748,0.00038965492414669685,1.0,1.0,0.04044011544011544,0.024249966197983835,0.0898989898989899,0.0015151515151515152,"['smssniffer', 'plankton', 'wannalocker', 'ransombo', 'charger', 'simplocker', 'zsone', 'virusshield', 'beanbot', 'nandrobox', 'koodous', 'avforandroid', 'ewind', 'fakeappal', 'feiwo', 'mazarbot', 'shuanet', 'faketaobao', 'avpass', 'jifake', 'fakemart', 'biige', 'gooligan', 'androidspy', 'fakenotify', 'penetho', 'selfmite', 'androiddefender', 'svpeng', 'dowgin', 'mobidash', 'youmi', 'fakejoboffer', 'porndroid', 'koler', 'fakeav', 'jisut', 'kemoge', 'pletor', 'fakeapp', 'fakeinst', 'lockerpin']","[0.9992424242424243, 0.9987373737373737, 0.9972222222222222, 0.996969696969697, 0.9964646464646465, 0.9964646464646465, 0.9936868686868687, 0.9901515151515151, 0.9888888888888889, 0.9878787878787879, 0.9876262626262626, 0.9868686868686869, 0.9868686868686869, 0.9868686868686869, 0.9868686868686869, 0.9868686868686869, 0.9868686868686869, 0.9861111111111112, 0.9856060606060606, 0.9835858585858586, 0.9830808080808081, 0.9825757575757575, 0.9808080808080808, 0.9787878787878788, 0.9775252525252526, 0.9752525252525253, 0.9727272727272728, 0.9714646464646465, 0.9709595959595959, 0.9684343434343434, 0.9684343434343434, 0.9684343434343434, 0.9681818181818181, 0.9674242424242424, 0.966919191919192, 0.9646464646464646, 0.9646464646464646, 0.9646464646464646, 0.9646464646464646, 0.9638888888888889, 0.9611111111111111, 0.955050505050505]"
