acc_mean,acc_std,acc_wst,acc_opt,recall_mean,recall_std,recall_wst,recall_opt,fpr_mean,fpr_std,fpr_wst,fpr_opt,sorted_models,sorted_acc
0.9789119990269414,0.012920998715847563,0.9438058748403576,0.9993614303959132,0.9973544973544973,0.007061083614325739,0.9744572158365262,1.0,0.03953049930061424,0.0247086850601411,0.08684546615581099,0.001277139208173691,"['smssniffer', 'plankton', 'ransombo', 'wannalocker', 'simplocker', 'charger', 'virusshield', 'beanbot', 'nandrobox', 'avforandroid', 'ewind', 'fakeappal', 'feiwo', 'mazarbot', 'shuanet', 'faketaobao', 'avpass', 'jifake', 'fakemart', 'zsone', 'biige', 'koodous', 'fakenotify', 'gooligan', 'penetho', 'selfmite', 'androiddefender', 'svpeng', 'dowgin', 'mobidash', 'youmi', 'androidspy', 'fakejoboffer', 'porndroid', 'koler', 'pletor', 'fakeav', 'jisut', 'kemoge', 'fakeapp', 'fakeinst', 'lockerpin']","[0.9993614303959132, 0.9990421455938697, 0.9980842911877394, 0.9980842911877394, 0.9977650063856961, 0.9971264367816092, 0.9897828863346104, 0.9885057471264368, 0.9885057471264368, 0.9875478927203065, 0.9875478927203065, 0.9875478927203065, 0.9875478927203065, 0.9875478927203065, 0.9875478927203065, 0.9865900383141762, 0.9862707535121328, 0.9837164750957854, 0.9833971902937421, 0.9830779054916986, 0.9827586206896551, 0.981162196679438, 0.9770114942528736, 0.9757343550446999, 0.975095785440613, 0.9747765006385696, 0.9719029374201787, 0.9709450830140486, 0.9683908045977011, 0.9683908045977011, 0.9683908045977011, 0.9677522349936143, 0.9677522349936143, 0.9671136653895275, 0.9664750957854407, 0.9648786717752235, 0.9639208173690932, 0.9639208173690932, 0.9639208173690932, 0.9632822477650064, 0.9623243933588761, 0.9438058748403576]"
