acc,recall,fpr
0.9722810734463276,0.9595422966898243,0.018029219769972023
