acc,recall,fpr
0.9726275535876019,0.9736682195665384,0.0284
