acc,recall,fpr
0.963501291989664,0.9694496268656716,0.0416
