acc,recall,fpr
0.9495840266222961,0.9690515806988352,0.06988352745424292
