acc,recall,fpr
0.979296875,0.98671875,0.028125
