acc,recall,fpr
0.9745409015025042,0.9774624373956594,0.028380634390651086
