acc,recall,fpr
0.9765045342126958,0.9752679307502061,0.02225886232481451
