acc,recall,fpr
0.9616721177432543,0.9668847097301717,0.04354047424366312
