acc,recall,fpr
0.9628844114528102,0.9989395546129375,0.07317073170731707
