acc,recall,fpr
0.9658349328214971,0.982341650671785,0.050671785028790786
