acc,recall,fpr
0.9747178819444444,0.967741935483871,0.0194
