acc,recall,fpr
0.9839211618257261,0.9828838174273858,0.01504149377593361
